{
    "simulation_params": {
        "graph_type": ["barabasi"],
        "network_size": [500],
        "memory_size": [256],
        "code_length": [5],
        "kappa": [0],
        "lambd": [0],
        "alpha": [0],
        "omega": [0],
        "gamma": [
            -3.0,
            -2.8,
            -2.6,
            -2.4,
            -2.2,
            -2.0,
            -1.8,
            -1.6,
            -1.4,
            -1.35,
            -1.30,
            -1.25,
            -1.20,
            -1.15,
            -1.145,
            -1.140,
            -1.135,
            -1.130,
            -1.129,
            -1.128,
            -1.127,
            -1.126,
            -1.1258,
            -1.12576,
            -1.12572,
            -1.12568,
            -1.125672,
            -1.125664,
            -1.1256336,
            -1.1255952,
            -1.1256560,
            -1.1255568,
            -1.1255184,
            -1.125648,
            -1.12564,
            -1.1256,
            -1.1254,
            -1.1252,
            -1.125,
            -1.120,
            -1.115,
            -1.11,
            -1.05,
            -1.0
        ],
        "preferential_attachment": [2],
        "polarization_type": [0]
    },
    "general_params": {
        "T": 500,
        "num_repetitions": 10,
        "early_stop": true,
        "epsilon": 0.00000001,
        "results_path": "results/experiment_gamma/"
    }
}